timestamp,texto_reconocido,intencion,confianza,reconocido,accion,parametro,exito_ejecucion,mensaje,tiempo_respuesta_ms
2026-08-19T18:05:52,abre google,buscar_web,1.0,True,abrir_url,https://www.google.com,True,Abriendo URL: https://www.google.com,149.01
2026-08-19T18:06:00,sube,navegar_arriba,1.0,True,navegar,arriba,True,Navegación ejecutada: arriba,2667.05
2026-08-19T18:06:01,baja,navegar_abajo,1.0,True,navegar,abajo,True,Navegación ejecutada: abajo,115.97
2026-08-19T18:06:04,baja,navegar_abajo,1.0,True,navegar,abajo,True,Navegación ejecutada: abajo,115.43
2026-08-19T18:06:08,sue,navegar_arriba,0.857,True,navegar,arriba,True,Navegación ejecutada: arriba,115.93
2026-08-19T18:06:13,ajá,navegar_abajo,0.857,True,navegar,abajo,True,Navegación ejecutada: abajo,107.47
2026-08-19T18:06:17,play,,0.333,False,,,False,,0.9
2026-08-19T18:06:26,lee,leer_pantalla,1.0,True,leer_pantalla,,False,Error al leer el elemento enfocado: Neither GUI element (wrapper) nor wrapper method 'get_focus' were found (typo?),2489.65
2026-08-19T18:06:41,lee,leer_pantalla,1.0,True,leer_pantalla,,False,Error al leer el elemento enfocado: Neither GUI element (wrapper) nor wrapper method 'get_focus' were found (typo?),192.06
2026-08-19T18:09:40,instalación,,0.462,False,,,False,,1.25
2026-08-19T18:09:45,mal,,0.444,False,,,False,,0.83
2026-08-19T18:09:47,genial,,0.545,False,,,False,,2.69
2026-08-19T18:15:18,lee,leer_pantalla,1.0,True,leer_pantalla,,False,Elemento sin texto legible,3222.83
2026-08-19T18:15:24,lee,leer_pantalla,1.0,True,leer_pantalla,,True,so | Definición | Diccionario de la lengua española | RAE Diccionario de la lengua española https://dle.rae.es › so,235.93
2026-08-19T18:15:41,lee,leer_pantalla,1.0,True,leer_pantalla,,True,"Portugués, seleccionar el idioma de origen",245.48
2026-08-19T18:16:04,lee,leer_pantalla,1.0,True,leer_pantalla,,False,Elemento sin texto legible,255.01
2026-08-19T18:16:13,lee,leer_pantalla,1.0,True,leer_pantalla,,True,La preposición 'so' - BLOG DE LENGUA BLOG DE LENGUA - Alberto Bustos https://blog.lengua-e.com › Categoría: preposición,235.78
2026-08-19T18:16:40,lee,leer_pantalla,1.0,True,leer_pantalla,,False,Elemento sin texto legible,217.98
2026-08-19T18:16:48,lee,leer_pantalla,1.0,True,leer_pantalla,,True,que la flor de la villa me só (Español medieval),233.79
2026-08-19T18:21:39,lee,leer_pantalla,1.0,True,leer_pantalla,,True,que la flor de la villa me só (Español medieval),3930.63
2026-08-19T18:22:30,siguiente,navegar_siguiente,1.0,True,navegar,siguiente,True,Navegación ejecutada: siguiente,115.81
2026-08-19T18:23:46,no hacía falta que hicieras eso honestamente,,0.414,False,,,False,,3.3
2026-08-22T18:26:10,busca bogotá clima,,0.387,False,,,False,,8.22
2026-08-22T18:26:22,busca clima bogotá,,0.462,False,,,False,,1.54
2026-08-22T18:28:00,intérprete,,0.556,False,,,False,,1.56
2026-08-22T18:32:52,busca clima bogotá,buscar_google_query,1.0,True,buscar_google,clima bogota,True,Buscando en Google: clima bogota,1529.26
2026-08-22T18:33:12,busca clima bogotá,buscar_google_query,1.0,True,buscar_google,clima bogota,True,Buscando en Google: clima bogota,1005.99
2026-08-22T18:33:24,abre google,buscar_web,1.0,True,abrir_url,https://www.google.com,True,Abriendo URL: https://www.google.com,109.55
2026-08-22T18:33:31,busca clima bogotá,buscar_google_query,1.0,True,buscar_google,clima bogota,True,Buscando en Google: clima bogota,1009.17
2026-08-22T18:33:37,busca a pokémon,buscar_google_query,1.0,True,buscar_google,a pokemon,True,Buscando en Google: a pokemon,924.27
2026-08-22T18:33:47,busca cuánto es dos más dos,buscar_google_query,1.0,True,buscar_google,cuanto es dos mas dos,True,Buscando en Google: cuanto es dos mas dos,1291.04
2026-08-22T18:33:55,busca la raíz cuadrada de cuatro,buscar_google_query,1.0,True,buscar_google,la raiz cuadrada de cuatro,True,Buscando en Google: la raiz cuadrada de cuatro,1448.11
2026-08-22T18:34:16,busca mathematics dos ve,buscar_google_query,1.0,True,buscar_google,mathematics dos ve,True,Buscando en Google: mathematics dos ve,1179.14
2026-08-22T18:34:25,busca abecedario,buscar_google_query,1.0,True,buscar_google,abecedario,True,Buscando en Google: abecedario,944.95
2026-08-22T18:34:37,busca teniendo en cuenta la organizativa de instauración esta organización es correcta,buscar_google_query,1.0,True,buscar_google,teniendo en cuenta la organizativa de instauracion esta organizacion es correcta,True,Buscando en Google: teniendo en cuenta la organizativa de instauracion esta organizacion es correcta,3108.16
2026-08-22T18:34:56,busca teniendo en cuenta la forma logística esta conversación la conversación en sí es correcta considerando lo que estoy diciendo actualmente,buscar_google_query,1.0,True,buscar_google,teniendo en cuenta la forma logistica esta conversacion la conversacion en si es correcta considerando lo que estoy diciendo actualmente,True,Buscando en Google: teniendo en cuenta la forma logistica esta conversacion la conversacion en si es correcta considerando lo que estoy diciendo actualmente,4853.16
2026-08-22T18:35:05,perfecto,,0.588,False,,,False,,1.37
2026-08-22T18:35:07,baja,navegar_abajo,1.0,True,navegar,abajo,True,Navegación ejecutada: abajo,107.27
2026-08-22T18:35:11,baja,navegar_abajo,1.0,True,navegar,abajo,True,Navegación ejecutada: abajo,101.93
2026-08-22T18:35:14,sube,navegar_arriba,1.0,True,navegar,arriba,True,Navegación ejecutada: arriba,115.44
2026-08-22T18:35:17,sube,navegar_arriba,1.0,True,navegar,arriba,True,Navegación ejecutada: arriba,109.51
2026-08-22T18:35:24,busca cómo instalar windows dos,buscar_google_query,1.0,True,buscar_google,como instalar windows dos,True,Buscando en Google: como instalar windows dos,1404.56
2026-08-22T18:35:30,bien perfecta,,0.455,False,,,False,,1.36
2026-08-22T18:36:02,busca configuración predeterminada,buscar_google_query,1.0,True,buscar_google,configuracion predeterminada,True,Buscando en Google: configuracion predeterminada,1490.9
2026-08-22T18:36:09,busca bajando hacia la atmósfera,buscar_google_query,1.0,True,buscar_google,bajando hacia la atmosfera,True,Buscando en Google: bajando hacia la atmosfera,1425.99
2026-08-22T18:36:18,busca ella es muy baja,buscar_google_query,1.0,True,buscar_google,ella es muy baja,True,Buscando en Google: ella es muy baja,1113.2
2026-08-22T18:37:01,busca youtube three idiots,buscar_google_query,1.0,True,buscar_google,youtube three idiots,True,Buscando en Google: youtube three idiots,1244.87
2026-08-22T18:37:05,es mi negra,,0.5,False,,,False,,1.46
2026-08-23T13:50:07,escribe eras una vez,,0.486,False,,,False,,9.02
2026-08-23T13:50:29,inscribe hola cómo estás,,0.462,False,,,False,,17.46
2026-08-23T13:51:34,abre google,buscar_web,1.0,True,abrir_url,https://www.google.com,True,Abriendo URL: https://www.google.com,120.05
2026-08-23T13:51:44,busca un conocedor de que con su nacimiento,buscar_google_query,1.0,True,buscar_google,un conocedor de que con su nacimiento,True,Buscando en Google: un conocedor de que con su nacimiento,2260.12
2026-08-23T13:51:55,selecciona,navegar_entrar,0.8,True,navegar,entrar,True,Navegación ejecutada: entrar,115.77
2026-08-23T13:52:21,lee,leer_pantalla,1.0,True,leer_pantalla,,False,Elemento sin texto legible,3460.93
2026-08-23T13:52:35,lee,leer_pantalla,1.0,True,leer_pantalla,,True,Working Preacher from Luther Seminary - Comentario del San Mateo 2:1-12 - Working Preacher. Resultados relacionados,8672.51
2026-08-23T13:54:40,ahora google,buscar_web,0.783,True,abrir_url,https://www.google.com,True,Abriendo URL: https://www.google.com,118.26
2026-08-23T13:54:48,busca matemática simple,buscar_google_query,1.0,True,buscar_google,matematica simple,True,Buscando en Google: matematica simple,1395.32
2026-08-23T13:55:01,escribe cuatro palabras y siete oraciones,escribir_texto_dictado,1.0,True,escribir_texto,cuatro palabras y siete oraciones,True,Texto escrito: cuatro palabras y siete oraciones,370.92
2026-08-23T13:55:37,escribe aunque un aman nada hemos traído a este mundo sin embargo nada podemos sacar así que teniendo obligación y abrigo estemos contentos con esto,escribir_texto_dictado,1.0,True,escribir_texto,aunque un aman nada hemos traido a este mundo sin embargo nada podemos sacar asi que teniendo obligacion y abrigo estemos contentos con esto,True,Texto escrito: aunque un aman nada hemos traido a este mundo sin embargo nada podemos sacar asi que teniendo obligacion y abrigo estemos contentos con esto,359.71
2026-08-23T13:56:17,screen pero el hombre natural no acepta las cosas del espíritu de dios porque para él su necesidad y no las entender porque se disciernen espiritualmente se está refiriendo a una persona que no ha nacido de nuevo,,0.052,False,,,False,,3.23
2026-08-23T13:56:26,mr,,0.5,False,,,False,,1.32
2026-08-23T13:56:40,escribe pero el nombre natural no acepta las cosas del espíritu de dios porque es la él son necedad y no las pueden entender,escribir_texto_dictado,1.0,True,escribir_texto,pero el nombre natural no acepta las cosas del espiritu de dios porque es la el son necedad y no las pueden entender,True,Texto escrito: pero el nombre natural no acepta las cosas del espiritu de dios porque es la el son necedad y no las pueden entender,361.7
2026-08-23T13:56:47,como fuesen las comas,,0.41,False,,,False,,2.44
2026-08-23T13:57:10,escribe siguiendo la pauta doce cincuenta y siete se le da la información de que dichos documentos invalidado debido a su falta de ortografía gráfica y experimental en este proyecto,escribir_texto_dictado,1.0,True,escribir_texto,siguiendo la pauta doce cincuenta y siete se le da la informacion de que dichos documentos invalidado debido a su falta de ortografia grafica y experimental en este proyecto,True,Texto escrito: siguiendo la pauta doce cincuenta y siete se le da la informacion de que dichos documentos invalidado debido a su falta de ortografia grafica y experimental en este proyecto,367.06
2026-08-23T13:57:26,siguiendo las pautas doce cincuenta y siete poseen dieciocho segmentos variados de ideas queden invalidados instituto hockey hielo,,0.209,False,,,False,,4.89
2026-08-23T14:01:11,stop,,0.462,False,,,False,,3.69
2026-08-23T14:40:43,libro de giovanni,,0.516,False,,,False,,3.64
2026-08-23T14:44:04,pues,,0.444,False,,,False,,1.57
2026-08-23T14:44:19,río,,0.545,False,,,False,,1.58
2026-08-23T14:54:37,la reina,,0.571,False,,,False,,1.95
2026-08-23T14:58:28,muchos podrían representar ocasión en purgatorio,,0.369,False,,,False,,4.41
2026-08-23T14:58:50,creo que es lo primero que se nos viene a la mía ebook en el que una persona debe hacer múltiples veces la misma cosa hasta salir de en la mayoría de las veces el protagonista siempre aprende una lección y le enseñan a ser mejor persona en este caso con pronto lo volvieron más sensible con los bebés y lo convencieron de ser papá esto pudo ser una prueba para que aprendiera a ser mejor persona y el ejemplo claro,,0.033,False,,,False,,4.68
2026-08-23T14:58:58,es que salvó al niño del agua que no se ve cuando sale de la estación solamente,,0.277,False,,,False,,4.13
2026-08-24T16:28:55,abre google,buscar_web,1.0,True,abrir_url,https://www.google.com,True,Abriendo URL: https://www.google.com,167.17
2026-08-24T16:29:01,búsqueda indicios de animal,,0.457,False,,,False,,6.85
2026-08-24T16:29:11,busca animales,buscar_google_query,1.0,True,buscar_google,animales,True,Buscando en Google: animales,1260.0
2026-08-24T16:31:07,venga,,0.6,False,,,False,,1.62
2026-08-24T16:40:21,galopa,,0.5,False,,,False,,2.2
2026-08-24T16:40:28,hola wilson gerena cómo estás,,0.4,False,,,False,,2.91
2026-08-24T16:40:36,acá normal no mucho lo de siempre estoy esperando a que llegue una cosita que tengo que esperar a mi proyecto de grado,,0.209,False,,,False,,6.65
2026-08-24T16:40:49,qué más has hecho su actividad como lo de siempre pa lo de las red de vía lo de la entrevista ha pasado mucho más estaba ocupado con cosas de universidad,,0.187,False,,,False,,7.61
2026-08-24T16:40:53,pero no te han llamado mantenerse en pie,,0.4,False,,,False,,6.87
2026-08-24T16:40:56,cepa luego no me ha dicho nada,,0.409,False,,,False,,5.82
2026-08-24T16:41:05,qué estás esperando para el proyecto estoy esperando una clase que es donde voy a mostrar más o menos como hoy,,0.248,False,,,False,,7.96
2026-08-24T16:41:08,lo sabía,,0.476,False,,,False,,2.57
2026-08-24T16:41:14,se van haciendo estragos cepa,,0.455,False,,,False,,2.73
2026-08-24T16:41:23,pues no pero qué más te digo todos los días estoy tratando de conseguir yo mismo te dije cuando consiga algo te aviso,,0.232,False,,,False,,4.66
2026-08-24T16:41:24,sí yo sé,,0.476,False,,,False,,3.45
2026-08-24T16:41:34,te preguntas cómo te ha ido has hablado con tu ser no no no no no no lo que me has preguntado es cómo me ha ido y consiguió un trabajo,navegar_abajo,1.0,True,navegar,abajo,True,Navegación ejecutada: abajo,113.54
2026-08-24T16:41:37,has hablado con ellos,,0.4,False,,,False,,2.57
2026-08-24T16:41:42,ella está por ahí al menos le hablé y me voy,,0.328,False,,,False,,3.71
2026-08-24T16:41:44,bueno,,0.444,False,,,False,,1.88
2026-08-24T16:41:51,la has contado si yo te cuento si consigo algo vale,,0.328,False,,,False,,3.32
2026-08-24T16:41:53,vale cuidate myers,,0.485,False,,,False,,3.76
2026-08-24T16:42:03,todos esperan algo de mí pero qué putas puedo hacer yo tengo que esperar a ver si mi le imputa trabajo para ti,navegar_abajo,1.0,True,navegar,abajo,True,Navegación ejecutada: abajo,105.41
2026-08-24T16:42:08,todos ahí quieren que me largue yo qué más puedo hacer,,0.338,False,,,False,,4.29
2026-08-24T16:42:20,como si pudiera ser algo más todo el día ocupado para dictar mary keane y espeso no será que estás haciendo esos,,0.256,False,,,False,,7.12
2026-08-24T16:42:24,son horribles,,0.421,False,,,False,,2.12
2026-08-24T16:42:34,dime,,0.5,False,,,False,,1.93
2026-08-24T16:43:26,la pasas bien,,0.5,False,,,False,,2.17
2026-08-24T16:43:37,remediarlo,,0.5,False,,,False,,2.98
2026-08-24T16:49:42,tenía sus,,0.5,False,,,False,,2.21
2026-08-24T16:52:40,dime qué deseas,,0.615,False,,,False,,2.3
2026-08-24T16:52:51,richard,,0.526,False,,,False,,2.48
2026-08-24T17:06:32,vale,,0.571,False,,,False,,8.35
2026-08-24T20:04:13,termine a abrirse moda la arcilla que es mi programa que nita descargar bien vos para que tenga viéndolo y escuchar lo que estoy diciendo,,0.237,False,,,False,,10.59
2026-08-24T20:04:19,christopher facebook chandra,,0.4,False,,,False,,3.59
2026-08-24T20:04:23,c cerrar todo lo importante,,0.439,False,,,False,,2.89
2026-08-24T20:04:29,qué miedo es la primera vez que le muestran un proyecto bueno ya en físico,,0.27,False,,,False,,12.03
2026-08-24T20:04:42,sí total yo no más aviso estos documentos son un plis joder más que nada para que allí estaban los gráficos y más o menos todo lo que era el diseño,,0.188,False,,,False,,5.58
2026-08-24T20:04:50,así que antes le creas que no dice era más como para tener ahí las gráficas y todo lo que está documentado,,0.272,False,,,False,,6.44
2026-08-24T20:04:57,si la compartiste no hay problema con esto,,0.421,False,,,False,,3.22
2026-08-24T20:05:16,creo que empezaré con el incremento uno que es solamente un orden de cómo están las gráficas lo que serán los requisitos funcionales y no funcionales y lo de la trazabilidad que crea un momento con lo en diagrama de cactus sin visto profe,,0.047,False,,,False,,7.22
2026-08-24T20:05:20,algún problema con eso,,0.486,False,,,False,,3.32
2026-08-24T20:05:26,listo profe cualquier cosa me avisas cualquier error cualquier cosa yo estoy pendiente vale,,0.273,False,,,False,,4.35
2026-08-24T20:05:49,listo profe para empezar a yo realicé dos documentos que del incremento uno y dos que en estos documentos había hecho principalmente lo que era la trazabilidad y cómo podría hacerlo para esto hice este documento de requerimientos empezando con los requerimientos funcionales lo cual con ayuda de ciertas inteligencias y con preguntas que hice con diferentes tipos de personas,,0.031,False,,,False,,12.32
2026-08-24T20:06:15,con vino o con una persona a través de una tienda electrónica me la quitaré de hacer estos monday light y con esto tuve los requerimientos siguientes que sería la captura de un tiempo real el reconocimiento de voz offline en español la interpretación de comandos físico fijos y dinámicos ejecución de acciones del sistema operativo naves creación asistí a cuervos búsqueda por el,navegar_siguiente,1.0,True,navegar,siguiente,True,Navegación ejecutada: siguiente,730.89
2026-08-24T20:06:38,en el navegador interfaz gráfica de control algo que también se ve la configuración personalidad de comandos y el dictado de texto leal esto es lo importante porque es lo que nos permitirá que esto sea algo más funcional para las personas que tienen una discapacidad para empezar hicimos también una cierta ejecución de requisitos no funcionales que tienen que ver con la portabilidad la impunidad de,,0.024,False,,,False,,6.31
2026-08-24T20:07:01,fish el rendimiento la habilidad de datos para no pedir datos que sean legalmente insuficientes o que yo no necesite y los requisitos de hardware que aquí hice una mini introducción de lo que podría ser necesario y también hizo una trazabilidad de los recursos samuels básicamente lo que principalmente youssef y que tanto importa cada uno de los módulos que está en el código principalmente,,0.025,False,,,False,,5.76
2026-08-24T20:07:26,se hizo mucho para verificar la nueva fase del código y dónde está bosch para esto también me fui al diagrama de casos de uso que esto fue bastante importante para saber cómo sería mi lógica la lógica que yo manejé es que principalmente se puede emitir el comando de voz reconocer e interpretar este comando y se incluye navegar por vos este va a permitir hacer la lectura y en la,,0.031,False,,,False,,4.86
2026-08-24T20:07:50,también permite la discusión de access a qué me refiero con esto que estamos buscando principalmente que los comandos que tú le ejecutes a esta a esta aplicación sean fáciles de aprender para la ia o no para la aplicación y que a su vez sea más fácil para el usuario para recordarlos y que noten clips como inicio detener o monitora del sistema,,0.022,False,,,False,,8.27
2026-08-24T20:08:16,principalmente también hizo una dobla en el código abierto en soporte en español los costos la latencia y el uso de sperry y ram básicamente es una cálculo de más o menos que estoy buscando yo y como estoy haciendo cada tipo de cosa aparte en una pequeña comparación la personalización de comandos también está en un sistema muy verde no a mentir con eso pero principalmente estas cuatro cosas,,0.03,False,,,False,,6.5
2026-08-24T20:08:40,idai ahí también hice una pequeña que es una cualidad de librerías a como se está hablando principalmente yo estoy usando la facultad de integración de bosque que nos permite tanto lo que se nubla en el código abierto un soporte en español e inglés para que diferentes tipos de idiomas para el futuro un sistema de costos más gratuito y open whisper que es lo que nos va a servir a un futuro por usar la inteligencia artificial de manera más sencilla,,0.013,False,,,False,,9.32
2026-08-24T20:09:03,al momento realizar documentos y una justificación de por qué conmigo un bosque que se resumen básicamente voces un sistema de conde uso abierto hecho que nos permite poder hacer que el sistema puede escuchar lo que uno diga ahí lo convierta texto de esta manera podemos facilitar mucho lo que sería la ejecución de diferentes tipos de comandos para esto está el incremento,,0.031,False,,,False,,5.55
2026-08-24T20:09:27,en este incremento dos hicimos solución a este sistema tengamos en cuenta que está usando la idea de que todo se puede hacer a partir de la voz pero cómo hacemos esto principalmente usamos voz y lo procesamos aunque nuestra integral que es básicamente para limpiar el texto que sale que no haya prueba de lectura para esto está el intérprete que son los comandos fijos que,,0.026,False,,,False,,6.97
2026-08-24T20:09:49,yo inicié este experimento este aprieta y con poder ejecutar diferentes acciones por ende se ideó la idea y si usamos comandos la mayoría de comandos que están directamente en el teclado son bastante funcionales para diferentes tipos de acciones que hay en el en el computador por ende una de las facilidades que tiene este código es que permite más bien usar los datos de acciones y navegación para,,0.039,False,,,False,,7.05
2026-08-24T20:10:13,facilitar un uso más soft line donde estas se mostrará más adelante como se muestre en el en la aplicación también este sistema operativos aprobado por windows diez y windows once no he probado con linux o windows siete parlamento por acá tenemos una responsabilidad de cada módulo básicamente que hace cada cosa a esa red lo que sería ese el audio del micrófono aquí es donde está,,0.025,False,,,False,,6.21
2026-08-24T20:10:37,john bosch tan audio filtrado que aún no está integrada lo que sería la interpretar y las acciones son algo que van de la mano el interpretador es lo que permite que las acciones puedan ejecutarse ya que este determina si el texto corresponde a un comando y las acciones son los que hacen que el comando se ejecute la navegación por otro lado es el comando de navegación es lo que nos permitirá más futuro buscan un,,0.023,False,,,False,,5.76
2026-08-24T20:11:02,frente tipo de acción y hacemos básicamente el punto del control de visita para iniciar detener y mundo editorial es simple completo de ahí tenemos las métricas que básicamente todo lo que yo estoy diciendo actualmente en esta beta de la aplicación se está guardando para tenerlo como la métrica de los usos y lo que se practica comando tazón es básicamente la base de vencer los comandos reconocidos,guardar_documento,1.0,True,navegar,guardar,True,Navegación ejecutada: guardar,106.98
2026-08-24T20:11:08,en palabras más simples iron force acciones irían qué hacen cada un año,,0.295,False,,,False,,6.68
2026-08-24T20:11:35,ahí tenemos también básicamente esto es lo que había dicho y cómo funciona la acción se hace una captura si la detectados reconocemos el texto estaba así entonces él interpretaba volver al inicio de daca como se reconoció si se registre con una métrica un error simplemente se devuelve si se ejecuta una acción o se navega por voz se registra esa métrica iba a ser que la aconsejar,navegar_atras_pagina,1.0,True,navegar,atras_pagina,True,Navegación ejecutada: atras_pagina,109.42
2026-08-24T20:11:44,en dicho caso que no se regresa al inicio estufa y más poquito mariano es planeado porque esto fue antes de poder hacer todo el código,navegar_atras_pagina,1.0,True,navegar,atras_pagina,True,Navegación ejecutada: atras_pagina,105.96
2026-08-24T20:12:14,y aquí hice como es la más o menos la incumple esconder de cómo estaba accionar y sin más esto es como está eres está principalmente usando payton bosques nuestro facilidad para interpretar lo que estoy diciendo a texto payton audio que es el acceso directo a mi voz and taking her que es lo que incluye la distribución de estándar de phaeton llave de experiencias estéreo,,0.026,False,,,False,,5.61
2026-08-24T20:12:37,unas pics que se motome y que me permite leer en foco también estas gotas son y se ve principalmente están con un formato más legible y para registrar un simple y liviano básicamente el incremento cuatro que aún no está adicional,leer_pantalla,1.0,True,leer_pantalla,,False,Elemento sin texto legible,3685.45
2026-08-24T20:12:50,el resto esto sería lo que es que una de las acciones que nosotros incluimos para la gente siga es permitir la lectura de un audio cuando yo estoy copiando o buscando un archivo si yo ahora mismo oigo por ejemplo abre google,buscar_web,1.0,True,abrir_url,https://www.google.com,True,Abriendo URL: https://www.google.com,137.96
2026-08-24T20:12:58,cuenta que allá y ahora si yo digo busca base de datos,,0.347,False,,,False,,6.36
2026-08-24T20:13:03,debería buscar la base de datos,,0.48,False,,,False,,3.26
2026-08-24T20:13:12,busca base de datos,buscar_google_query,1.0,True,buscar_google,base de datos,True,Buscando en Google: base de datos,1045.45
2026-08-24T20:13:25,bueno aquí debería a buscar pero creo que hubo un pequeño problema busca base de datos,,0.312,False,,,False,,4.41
2026-08-24T20:13:44,bueno de eso no hay tanto problema es saúl catedral sobre los grandes creyentes a que crezcan también permite lo que es escribir escribe cuántas horas hay en un día,,0.186,False,,,False,,7.31
2026-08-24T20:13:57,escribe cuántas horas hay en un día,escribir_texto_dictado,1.0,True,escribir_texto,cuantas horas hay en un dia,True,Texto escrito: cuantas horas hay en un dia,348.96
2026-08-24T20:14:19,listo regularmente debe ser porque estoy diciendo muchas cosas a la vez y por eso el sistema debe estar aceptándolo como que estoy escribiendo una oración y no un comando igualmente ante esto aunque no se pueda buscar no sé si esto sea un problema temporal busca base de datos,,0.042,False,,,False,,5.04
2026-08-24T20:14:27,busca base de datos,buscar_google_query,1.0,True,buscar_google,base de datos,True,Buscando en Google: base de datos,1048.81
2026-08-24T20:14:44,ay esa si es más que nada porque estoy hablando muy graves y esto me está considerando como una conversación entera también puede hacer diferentes cosas como es leer si yo le voy a dar por ejemplo lee,leer_pantalla,1.0,True,leer_pantalla,,False,Elemento sin texto legible,2850.38
2026-08-24T20:15:09,tengo que ir más lento cuando es lectura si no la puede leer completamente pero básicamente permite que lea diferentes tipos de links lo cual permite que el usuario pueda seleccionarlos y ahí pueden empezar a un sistema de búsqueda y eso sería todo lo que tengo por el momento aunque lo importante que era la organización de vos cómo transformar esta texto y podrás hablar cuando sea necesario,leer_pantalla,1.0,True,leer_pantalla,,False,Elemento sin texto legible,2817.95
2026-08-24T20:15:22,destacó realizado ejemplo sería google sería word sería diferentes tipos de archivos como powerpoint pero principalmente esto todo lo que hemos realizado por el momento,,0.173,False,,,False,,9.34
2026-08-24T20:15:36,en cuanto al código es lo que es similar a lo que se había mencionado en la en la gráfica y eso es todo lo que tengo por el momento ya está hecho publicó en youtube en cualquier caso para tenerlo como información,,0.062,False,,,False,,4.21
2026-08-24T20:15:44,incrementar,,0.588,False,,,False,,2.23
2026-08-24T20:16:10,pues sí yo respondería que son gentes con discapacidad motriz o visual que le dificulta no tener accesibilidad de computadores o le dificulta para un ámbito más laboral,,0.173,False,,,False,,6.18
2026-08-24T20:16:20,house,,0.444,False,,,False,,1.6
2026-08-24T20:16:25,sólo el asco y cómo incrementar sr,,0.436,False,,,False,,5.3
2026-08-24T20:17:31,jason bueno no hay problema en conseguir entrevistas con los grados personas con discapacidades,,0.236,False,,,False,,7.03
2026-08-24T20:17:40,más que nada porque yo trabajé en una tienda electrónica así que tengo un conocimiento de algunos contactos con dicha discapacidad,,0.238,False,,,False,,6.16
2026-08-24T20:17:59,cierto,,0.533,False,,,False,,1.96
2026-08-24T20:18:36,qué significa tan loable,,0.439,False,,,False,,2.59
2026-08-24T20:19:45,sí te entiendo,,0.562,False,,,False,,3.95
2026-08-24T20:20:05,sí,,0.571,False,,,False,,1.59
2026-08-24T20:20:57,eh,,0.4,False,,,False,,1.55
2026-08-24T20:21:14,vale tienes razón igual tengo que mejorar algo el mantenimiento para arreglar esos problemas que vi cuando estaba hablando ya,,0.224,False,,,False,,8.71
2026-08-24T20:21:50,no,,0.4,False,,,False,,1.64
2026-08-24T20:21:51,bueno,,0.444,False,,,False,,2.42
2026-08-24T20:22:02,sí,,0.571,False,,,False,,1.44
2026-08-24T20:22:42,la verdad es que en temas de esto parte la verdad sí tengo pensado a futuro o al menos dentro de unos días implementar una función que sea de uso para discapacidad visual donde diga y dicte todo lo que está pasando,,0.044,False,,,False,,3.7
2026-08-24T20:23:20,tiene razón bueno polla mejora lo que es el mantenimiento para arreglar esos problemas ida y ya voy a la entrevista para,,0.234,False,,,False,,7.34
2026-08-24T20:23:41,listo perfecto,,0.429,False,,,False,,5.17
2026-08-24T20:23:57,mi compromiso actualmente es pudiera ser una facilidad para el sistema de word bloc de notas y mejora el mantenimiento,detener_sistema,1.0,True,detener,,True,DETENER_SISTEMA,0.7
2026-08-31T20:21:13,pick out,,0.417,False,,,False,,
2026-08-31T20:21:17,abre google,buscar_web,1.0,True,abrir_url,https://www.google.com,True,Abriendo URL: https://www.google.com,121.25
2026-08-31T20:21:21,busquen,,0.545,False,,,False,,
2026-08-31T20:21:26,busca información,buscar_google_query,1.0,True,buscar_google,informacion,True,Buscando en Google: informacion,1352.96
2026-08-31T20:21:34,abre google,buscar_web,1.0,True,abrir_url,https://www.google.com,True,Abriendo URL: https://www.google.com,12.29
2026-08-31T20:21:41,busca información acerca de la pasta,buscar_google_query,1.0,True,buscar_google,informacion acerca de la pasta,True,Buscando en Google: informacion acerca de la pasta,1554.82
2026-08-31T20:21:47,are words,abrir_word,0.889,True,abrir_app,word,True,Abriendo aplicación: word,11.63
2026-08-31T20:21:53,genial,,0.545,False,,,False,,
2026-08-31T20:22:04,escribir para la iniciación de este resultado se busca una fuerte solución acerca de de la informática,escribir_texto_dictado,1.0,True,escribir_texto,para la iniciacion de este resultado se busca una fuerte solucion acerca de de la informatica,True,Texto escrito: para la iniciacion de este resultado se busca una fuerte solucion acerca de de la informatica,330.07
2026-08-31T20:22:09,abre google,buscar_web,1.0,True,abrir_url,https://www.google.com,True,Abriendo URL: https://www.google.com,18.99
2026-08-31T20:22:17,busque acerca de la creación de contenido,,0.475,False,,,False,,
2026-08-31T20:22:33,busca acerca de la creación de contenido,buscar_google_query,1.0,True,buscar_google,acerca de la creacion de contenido,True,Buscando en Google: acerca de la creacion de contenido,1674.14
2026-08-31T20:22:45,lee,leer_pantalla,1.0,True,leer_pantalla,,False,Elemento sin texto legible,3335.16
2026-08-31T20:23:02,lee,leer_pantalla,1.0,True,leer_pantalla,,True,¿Qué es la creación de contenidos digitales y cómo ... Universidad Anáhuac Mérida https://merida.anahuac.mx › posgrado › blog › que-es-la...,9625.6
2026-08-31T20:23:36,ricky,,0.364,False,,,False,,
2026-08-31T20:23:48,google,,0.706,False,,,False,,
2026-08-31T20:23:53,abre google,buscar_web,1.0,True,abrir_url,https://www.google.com,True,Abriendo URL: https://www.google.com,22.9
2026-08-31T20:24:02,hable bloc de notas,abrir_bloc_notas,0.85,True,abrir_app,notepad,True,Abriendo aplicación: notepad,10.57
2026-08-31T20:24:15,escribe para crear una sociedad srita busca desde el fondo del alma cuáles son los requisitos básicos,escribir_texto_dictado,1.0,True,escribir_texto,para crear una sociedad srita busca desde el fondo del alma cuales son los requisitos basicos,True,Texto escrito: para crear una sociedad srita busca desde el fondo del alma cuales son los requisitos basicos,332.92
2026-08-31T20:24:20,abre google,buscar_web,1.0,True,abrir_url,https://www.google.com,True,Abriendo URL: https://www.google.com,14.45
2026-08-31T20:24:25,bien,,0.5,False,,,False,,
2026-08-31T20:24:26,otra vez,,0.526,False,,,False,,
2026-08-31T20:25:25,abre google,buscar_web,1.0,True,abrir_url,https://www.google.com,True,Abriendo URL: https://www.google.com,15.05
2026-08-31T20:25:34,ahora suponéis cuando estoy diciendo algo no sé con esto,,0.338,False,,,False,,
2026-08-31T20:36:24,a facebook,,0.4,False,,,False,,
2026-08-31T20:36:30,click,,0.5,False,,,False,,
2026-08-31T20:36:35,apple y google,,0.72,False,,,False,,
2026-08-31T20:36:42,abre google,buscar_web,1.0,True,abrir_url,https://www.google.com,True,Abriendo URL: https://www.google.com,122.31
2026-08-31T20:36:48,busque información acerca del sindicato,,0.444,False,,,False,,
2026-08-31T20:36:59,busca información acerca del sindicato,buscar_google_query,1.0,True,buscar_google,informacion acerca del sindicato,True,Buscando en Google: informacion acerca del sindicato,1986.73
2026-09-21T18:08:37,okay,,0.444,False,,,False,,
2026-09-21T18:08:48,mueve a la derecha,mouse_mover_derecha,0.839,True,mouse_mover,derecha,False,Acción no reconocida: mouse_mover,0.02
2026-09-21T18:08:57,mover manos a la derecha,mouse_mover_derecha,0.784,True,mouse_mover,derecha,False,Acción no reconocida: mouse_mover,0.01
2026-09-21T18:09:17,mueva hacia arriba,navegar_arriba,1.0,True,navegar,arriba,True,Navegación ejecutada: arriba,452.52
2026-09-21T18:09:21,mueva hacia abajo,navegar_abajo,1.0,True,navegar,abajo,True,Navegación ejecutada: abajo,102.17
2026-09-21T18:09:25,nueve la derecha,mouse_mover_derecha,0.828,True,mouse_mover,derecha,False,Acción no reconocida: mouse_mover,0.03
2026-09-21T18:12:18,fitch,,0.5,False,,,False,,
2026-09-21T18:18:22,abre google,buscar_web,1.0,True,abrir_url,https://www.google.com,True,Abriendo URL: https://www.google.com,117.25
2026-09-21T18:18:28,busca información,buscar_google_query,1.0,True,buscar_google,informacion,True,Buscando en Google: informacion,1168.43
2026-09-21T18:18:32,abre word,abrir_word,1.0,True,abrir_app,word,True,Abriendo aplicación: word,26.09
2026-09-21T18:18:42,escribe como cerrar google en una ventana,escribir_texto_dictado,1.0,True,escribir_texto,como cerrar google en una ventana,True,Texto escrito: como cerrar google en una ventana,338.9
2026-09-21T18:18:48,escribe cómo abrir google en una ventana,escribir_texto_dictado,1.0,True,escribir_texto,como abrir google en una ventana,True,Texto escrito: como abrir google en una ventana,342.69
2026-09-21T18:18:52,escribe como google,escribir_texto_dictado,1.0,True,escribir_texto,como google,True,Texto escrito: como google,339.04
2026-09-21T18:18:58,escribe abrir google,escribir_texto_dictado,1.0,True,escribir_texto,abrir google,True,Texto escrito: abrir google,350.28
2026-09-21T18:19:11,mueve derecha,mouse_mover_derecha,1.0,True,mouse_mover,derecha,False,Acción no reconocida: mouse_mover,0.01
2026-09-21T18:19:17,mouse mover,,0.522,False,,,False,,
2026-09-21T18:36:14,seis,,0.5,False,,,False,,
2026-09-21T18:38:12,mueve a la izquierda,mouse_mover_izquierda,0.857,True,mouse_mover,izquierda,False,Acción no reconocida: mouse_mover,0.03
2026-09-21T18:38:17,nueva izquierda,mouse_mover_izquierda,0.867,True,mouse_mover,izquierda,False,Acción no reconocida: mouse_mover,0.01
2026-09-21T18:38:22,baos mover izquierda,,0.743,False,,,False,,
2026-09-21T18:38:29,mouse mover izquierda,mouse_mover_izquierda,0.833,True,mouse_mover,izquierda,False,Acción no reconocida: mouse_mover,0.03
2026-09-21T18:38:36,movernos,,0.429,False,,,False,,
2026-09-21T18:38:40,mouse mover,,0.522,False,,,False,,
2026-09-21T18:38:56,click,mouse_clic_izquierdo,1.0,True,mouse_clic,izquierdo,False,Acción no reconocida: mouse_clic,0.01
2026-09-21T19:04:07,muévete derecha,mouse_mover_derecha,0.929,True,mouse_mover,derecha,True,"Mouse movido: derecha -> (782, 252)",314.67
2026-09-21T19:04:12,muévete derecha,mouse_mover_derecha,0.929,True,mouse_mover,derecha,True,"Mouse movido: derecha -> (822, 252)",101.57
2026-09-21T19:04:16,muévete derecha,mouse_mover_derecha,0.929,True,mouse_mover,derecha,True,"Mouse movido: derecha -> (862, 252)",105.09
2026-09-21T19:04:19,nueve trabajo,navegar_abajo,1.0,True,navegar,abajo,True,Navegación ejecutada: abajo,115.03
2026-09-21T19:04:24,muévete abajo,navegar_abajo,1.0,True,navegar,abajo,True,Navegación ejecutada: abajo,102.94
2026-09-21T19:04:29,muévete arriba,navegar_arriba,1.0,True,navegar,arriba,True,Navegación ejecutada: arriba,106.22
2026-09-21T19:04:34,es izquierda,mouse_mover_izquierda,0.815,True,mouse_mover,izquierda,True,"Mouse movido: izquierda -> (822, 252)",115.21
2026-09-21T19:04:38,beta izquierda,mouse_mover_izquierda,0.759,True,mouse_mover,izquierda,True,"Mouse movido: izquierda -> (782, 252)",104.73
2026-09-21T19:04:41,muévete izquierda,mouse_mover_izquierda,0.938,True,mouse_mover,izquierda,True,"Mouse movido: izquierda -> (742, 252)",102.87
2026-09-21T19:05:02,click,mouse_clic_izquierdo,1.0,True,mouse_clic,izquierdo,True,Clic izquierdo ejecutado,116.74
2026-09-21T19:19:48,google,,0.706,False,,,False,,
2026-09-21T19:21:01,abre google,buscar_web,1.0,True,abrir_url,https://www.google.com,True,Abriendo URL: https://www.google.com,6730.8
2026-09-21T19:21:10,busca información de la casa,buscar_google_query,1.0,True,buscar_google,informacion de la casa,True,Buscando en Google: informacion de la casa,4697.28
2026-09-21T19:21:18,ahora work,,0.632,False,,,False,,
2026-09-21T19:21:34,escribe casa de nadie,escribir_texto_dictado,1.0,True,escribir_texto,casa de nadie,True,Texto escrito: casa de nadie,3513.14
2026-09-21T19:21:41,abre el bloc de notas,abrir_bloc_notas,1.0,True,abrir_app,notepad,True,Abriendo aplicación: notepad,2906.93
2026-09-21T19:22:52,buen trabajo,navegar_abajo,1.0,True,navegar,abajo,True,Navegación ejecutada: abajo,3181.65
2026-09-21T19:23:30,sandwich kendrick se creó tomaba dice que ya vienen no sé qué pasó a qué viene eso me dijo,,0.259,False,,,False,,
2026-09-21T19:23:32,la tienda,,0.5,False,,,False,,
2026-09-21T19:24:33,es una bonita,,0.609,False,,,False,,
2026-09-21T19:24:37,all right,,0.435,False,,,False,,
2026-09-21T19:25:54,dónde,,0.4,False,,,False,,
2026-09-21T20:24:26,injusto porque tú también es mi mi profesor encargado no,,0.338,False,,,False,,
2026-09-21T20:24:41,sí lo de la alimentación eso sí creo que me falta un poquito pero pero ya lo tendré en mente para hacerlo y entregártelo,,0.221,False,,,False,,
2026-09-21T20:24:47,no la documentación es fácil,,0.549,False,,,False,,
2026-09-21T20:24:55,claro como yo pongo todo lo que tengo en hitchcock y ahí estoy comentando todo eso no estoy tan preocupado,,0.286,False,,,False,,
2026-09-21T20:25:06,claro,,0.615,False,,,False,,
2026-09-21T20:25:13,trata te refieres a acomodarlo para que se entienda ahora en un sistema más formal,,0.297,False,,,False,,
2026-09-21T20:25:21,información acerca de las actualizaciones de los cambios el readme,,0.322,False,,,False,,
2026-09-21T20:25:39,sí,,0.571,False,,,False,,
2026-09-21T20:25:59,ah ok vale usado,,0.5,False,,,False,,
2026-09-21T20:26:16,cree la aplicación todo el proyecto,,0.48,False,,,False,,
2026-09-21T20:26:37,perfecto pero vale aquí tengo la aplicación actualmente a la mano,,0.348,False,,,False,,
2026-09-21T20:26:48,mira qué tal va normal mente está creando ya todo lo que hay en esta conversión así que eso está bien,,0.277,False,,,False,,
2026-09-21T20:27:54,cacería,,0.667,False,,,False,,
2026-09-21T20:28:07,abrigo google,buscar_web,0.88,True,abrir_url,https://www.google.com,True,Abriendo URL: https://www.google.com,7355.71
2026-09-21T20:28:17,busca información acerca de la casa,buscar_google_query,1.0,True,buscar_google,informacion acerca de la casa,True,Buscando en Google: informacion acerca de la casa,5358.28
2026-09-21T20:28:43,abre oort y llano ano ya pude contactarme con alguien que tiene una discapacidad y tengo grabaciones lo cual ya ahorita voy a documentar,,0.232,False,,,False,,
2026-09-21T20:28:52,si lo hace solamente que como mencioné mucho y no mencioné bien worth tomó como hort,,0.28,False,,,False,,
2026-09-21T20:29:02,abre word,abrir_word,1.0,True,abrir_app,word,True,Abriendo aplicación: word,2769.94
2026-09-21T20:29:46,sí aunque la forma en que funciona es que tiene una base de datos que está escribiendo directamente las formas en que tu dices algo dices por ejemplo abre google abre google abre esto abre la aplicación google abrí la aplicación tales y busca a partir de esa lista que se acerca se podría mejorar,buscar_web,1.0,True,abrir_url,https://www.google.com,True,Abriendo URL: https://www.google.com,6107.3
2026-09-21T20:29:48,también se podría ser simple,,0.435,False,,,False,,
2026-09-21T20:29:56,sí pero también tiene otra,,0.45,False,,,False,,
2026-09-21T20:30:06,escribe información de la casa,escribir_texto_dictado,1.0,True,escribir_texto,informacion de la casa,True,Texto dictado en Word: informacion de la casa,3769.97
2026-09-21T20:30:32,no esa información o no porque está arreglando unas cosas que tenía worth anteriormente gorda estaba funcionando a partir de la estructura es simplemente escribir todo como un comando el problema es que qué pasaría si estás en múltiples páginas a la vez por ende se hizo un pequeño cambio para que se ajuste directamente a la página de word,navegar_anterior,1.0,True,navegar,anterior,True,Navegación ejecutada: anterior,3088.53
2026-09-21T20:30:44,creo que no si se puede aplicar,,0.553,False,,,False,,
2026-09-21T20:30:58,claro pero esa es la ventaja esto le podría ser virginidad a una persona que tiene una discapacidad sobre todo porque son ventajas que el mismo computador puede acceder por teclado,,0.193,False,,,False,,
2026-09-21T20:31:10,no a todos,,0.6,False,,,False,,
2026-09-21T20:31:18,ahí ya sería algo más a futuro pero actualmente no,,0.411,False,,,False,,
2026-09-21T20:31:32,en teoría pero también podríamos hacer que copie y si copia puede copiar algo de un excel por ejemplo y ahí se podría pegar,,0.227,False,,,False,,
2026-09-21T20:31:40,sí,,0.571,False,,,False,,
2026-09-21T20:31:58,mesmer sí profesor,,0.519,False,,,False,,
2026-09-21T20:32:14,mira que obviamente ya que tengo todos,,0.407,False,,,False,,
2026-09-21T20:32:17,cerdán,,0.5,False,,,False,,
2026-09-21T20:32:30,por el momento qué piensas de la aplicación sé que tienen muchas cosas que mejorar pero a mí no me gusta que pueda ser algo,,0.289,False,,,False,,
2026-09-21T20:32:57,de anteproyecto,,0.522,False,,,False,,
2026-09-21T20:33:06,ah,,0.333,False,,,False,,
2026-09-21T20:33:29,sí cuando yo lo pensaba en discúlpame en la elaboración de diagramas se pensaba como todo separado en diferentes componentes en palabras más simple como mi proyecto está funcionando que está apoyado por diferentes tipos de carpetas que están haciendo diferentes acciones al menos así los ha representando,,0.05,False,,,False,,
2026-09-21T20:33:44,solo por si las dudas bosch es la es técnicamente una inteligencia artificial así que por eso está implementada,,0.246,False,,,False,,
2026-09-21T20:34:03,puedes apagar aunque no lo implemente porque si yo digo pagar se va pagar todo el computador,,0.312,False,,,False,,
2026-09-21T20:34:24,pues aunque diga cierra la casi lo digo sigo la frase cerrar word por ejemplo y cosas así,,0.276,False,,,False,,
2026-09-21T20:34:48,claro también es lo siguiente a hacer es que voy a meter una implementación que permita en vez de simplemente abrir seleccionar porque mientras se está editando el problema era que discúlpame si disculpa me estabas hablando,navegar_siguiente,1.0,True,navegar,siguiente,True,Navegación ejecutada: siguiente,3276.12
2026-09-21T20:34:53,entienden,,0.583,False,,,False,,
2026-09-21T20:35:35,segundo lo leo,,0.533,False,,,False,,
2026-09-21T20:35:46,si alertas de información más que nada era porque claro yo lo pensaba también mucho en la gente discapacitada en la vista,,0.245,False,,,False,,
2026-09-21T20:36:02,entiendo pero una duda es que siento que esto es muy poco para hacer un proyecto de grado siendo que look sí,,0.252,False,,,False,,
2026-09-21T20:36:30,las planeadas eran un outfit a,,0.426,False,,,False,,
2026-09-21T20:36:34,the word iu gordy google,,0.556,False,,,False,,
2026-09-21T20:36:44,te,,0.5,False,,,False,,
2026-09-21T20:36:50,ah,,0.333,False,,,False,,
2026-09-21T20:37:03,lar grosvenor sí tiene razón hay que voy a hacer,,0.369,False,,,False,,
2026-09-21T20:37:25,entiendo,,0.609,False,,,False,,
2026-09-21T20:38:43,parece perfecto profesor si es lo mejor que puedo hacer,,0.394,False,,,False,,
2026-09-21T20:38:59,sí tienes razón,,0.5,False,,,False,,
2026-09-21T20:39:19,creo que con esas tres basta no,,0.476,False,,,False,,
2026-09-21T20:39:23,sí porque es informativa gráfica y de datos,,0.406,False,,,False,,
2026-09-21T20:39:33,las útiles para una persona no,,0.468,False,,,False,,
2026-09-21T20:39:45,sí te entiendo,,0.562,False,,,False,,
2026-09-21T20:41:27,demasiado sin proveedor,,0.424,False,,,False,,
2026-09-21T20:42:15,ale profe entiendo a una pequeña esta duda esto ya no tiene que ver tanto con esto sino lo que voy a entregar que ya sea con todo lo que tú me estás explicando como debería hacerlo si es válido por un proyecto es que siento que es un poquito,,0.047,False,,,False,,
2026-09-21T20:42:21,bastantes,,0.5,False,,,False,,
2026-09-21T20:42:28,niña no la verdad no,,0.514,False,,,False,,
2026-09-21T20:42:39,mira nadie no me iré cosas,,0.449,False,,,False,,
2026-09-21T20:43:49,no sé es porque estoy pensando en las acciones que puedes hacer y considerando la cantidad siendo que son pocas bueno igualmente es otro punto de vista,listar_comandos,1.0,True,listar_comandos,,True,Lista de comandos narrada por voz,57582.41
2026-09-21T20:43:59,claro porque son demasiadas pero liso entienden,,0.4,False,,,False,,
2026-09-21T20:44:16,ya entendí je,,0.476,False,,,False,,
2026-09-21T20:44:18,listo,,0.571,False,,,False,,
2026-09-21T20:44:32,gay,,0.5,False,,,False,,
2026-09-21T20:44:36,listo brote,,0.48,False,,,False,,
2026-09-21T20:44:46,listón,,0.533,False,,,False,,
2026-09-21T20:44:50,igualmente,,0.737,False,,,False,,
2026-09-21T20:45:09,siempre me dicen que no estás solo cuando estas cándidas,,0.361,False,,,False,,
2026-09-21T20:45:14,josé ellos se ha ido lo hiciste perdón,,0.448,False,,,False,,
2026-09-21T20:45:18,sí,,0.571,False,,,False,,
2026-09-21T20:45:56,sí tiene razón me faltaron las básicas me puse mucho en lo que era importante y dije de una esto esto ya tengo la lógica pero me faltaron las más normalitas,,0.208,False,,,False,,
2026-09-21T20:46:05,va a servir en st,,0.485,False,,,False,,
2026-09-21T20:46:44,vale entendido,,0.545,False,,,False,,
2026-09-21T20:46:53,vale brossard,,0.545,False,,,False,,
2026-09-21T20:46:58,ale que esté bien,,0.571,False,,,False,,
2026-09-21T20:47:03,patrimonio es una de ellas,,0.462,False,,,False,,
2026-09-21T20:47:39,de todas formas,,0.429,False,,,False,,
2026-09-21T20:49:53,no sé,,0.444,False,,,False,,
2026-09-21T20:49:56,no estoy pensando cómo hago,,0.439,False,,,False,,
2026-09-21T20:50:01,gracias,,0.571,False,,,False,,
2026-09-21T20:50:17,deja la puerta abierta y continua con la mesa ha sido atravesada por anunciar que desdichada yo prefiero que esto usted quiere tener todo el país durante los primeros tres meses,reanudar_escucha,1.0,True,reanudar,,True,REANUDAR_SISTEMA,0.02
2026-09-21T20:50:20,ya ella,,0.533,False,,,False,,
2026-09-21T20:50:47,y si cambió la estructura algo diferente,,0.407,False,,,False,,
2026-09-21T20:50:51,tipos jóvenes,,0.417,False,,,False,,
2026-09-21T20:51:36,durante,,0.571,False,,,False,,
2026-09-21T20:51:42,charla de gasto,,0.533,False,,,False,,
2026-09-21T20:51:49,hay mucha comida,,0.476,False,,,False,,
2026-09-21T20:51:53,nueva york pasan adelante en,,0.462,False,,,False,,
2026-09-21T20:51:58,que me da que otras estacas pero no te puedo dar comida,,0.39,False,,,False,,
2026-09-21T20:52:05,lindsay rick,,0.471,False,,,False,,
2026-09-21T20:52:12,adelante no me mires así entusiasmo no te puedo dar es por tu bien,,0.315,False,,,False,,
2026-09-21T20:52:38,no te puedo dar,,0.667,False,,,False,,
2026-09-21T20:54:05,ya dije,,0.533,False,,,False,,
2026-09-21T20:54:10,los mil alcanos ya dije,,0.412,False,,,False,,
2026-09-21T20:54:15,lo siento no te tome miedo así,,0.409,False,,,False,,
2026-09-21T20:54:45,st,,0.364,False,,,False,,
2026-09-21T20:55:42,nuestro,,0.556,False,,,False,,
2026-09-21T20:56:17,sí,,0.571,False,,,False,,
2026-09-21T20:59:18,me lastimé la mano,,0.529,False,,,False,,
2026-09-21T21:02:41,dice que,,0.5,False,,,False,,
2026-09-21T21:03:03,acarigua,,0.571,False,,,False,,
2026-09-21T21:04:14,batman,,0.6,False,,,False,,
2026-09-21T21:04:20,jerry,,0.545,False,,,False,,
2026-09-21T21:05:16,tal,,0.6,False,,,False,,
2026-09-21T21:05:17,estudiar,,0.625,False,,,False,,
2026-09-21T21:05:30,gamma emigra,,0.538,False,,,False,,
2026-09-27T22:20:56,gracias,,0.571,False,,,False,,
2026-09-27T22:21:01,verano,,0.545,False,,,False,,
2026-09-27T22:21:27,esas ideas religiosas,,0.514,False,,,False,,
2026-09-27T22:21:37,sus intestinos,,0.56,False,,,False,,
2026-09-27T22:21:52,ese día,,0.533,False,,,False,,
2026-09-27T22:22:06,los famosos hermanos benavente,,0.435,False,,,False,,
2026-09-27T22:22:07,valiente,,0.632,False,,,False,,
2026-09-27T22:22:17,a cambio de una cifras que aparecen conocido por el esfuerzo social,,0.31,False,,,False,,
2026-09-27T22:22:20,nuestro sería eliminar experimentos,,0.528,False,,,False,,
2026-09-27T22:22:22,respondiendo,,0.519,False,,,False,,
2026-09-27T22:22:25,significar un cambio,,0.571,False,,,False,,
2026-09-27T22:22:30,es el hermano mayor de gabriel,,0.491,False,,,False,,
2026-09-27T22:22:33,aparecen tres veces,,0.467,False,,,False,,
2026-09-27T22:22:37,estos chinos son personas tendremos que luchar contra él,,0.31,False,,,False,,
2026-09-27T22:23:07,casi nadie sabe que iba a tener una actualización la cual será el principal fin de su soporte algunas de las cosas que iban a agregar por ejemplo sería su crecer como persona ejecutar las tres variantes de habilidades de papel municipios cerebros lo increíble es que varias de estas cosas estaban casi terminadas,,0.049,False,,,False,,
2026-09-27T22:23:10,pero te digo el fin del soporte richter,,0.414,False,,,False,,
2026-09-27T22:23:22,atracción revista,,0.562,False,,,False,,
2026-09-28T17:59:35,abre word,abrir_word,1.0,True,abrir_app,word,True,Abriendo aplicación: word,4091.47
2026-09-28T17:59:46,escribe esto es una prueba,escribir_texto_dictado,1.0,True,escribir_texto,esto es una prueba,True,Texto dictado en Word: esto es una prueba,3512.57
2026-09-28T17:59:56,copia,copiar_texto,1.0,True,editar,copiar,False,Acción no reconocida: editar,3031.89
2026-09-28T18:00:19,selecciona palabras,seleccionar_palabra_anterior,1.0,True,editar,seleccionar_palabra_anterior,False,Acción no reconocida: editar,2874.87
2026-09-28T18:02:40,abre google,buscar_web,1.0,True,abrir_url,https://www.google.com,True,Abriendo URL: https://www.google.com,6717.32
2026-09-28T18:02:43,bree worth,,0.737,False,,,False,,
2026-09-28T18:02:50,abrí worth,abrir_word,0.8,True,abrir_app,word,True,Abriendo aplicación: word,2777.06
2026-09-28T18:02:59,escribe esto es una prueba,escribir_texto_dictado,1.0,True,escribir_texto,esto es una prueba,True,Texto dictado en Word: esto es una prueba,3506.87
2026-09-28T18:03:05,selecciona la palabra,seleccionar_palabra_anterior,0.923,True,editar,seleccionar_palabra_anterior,True,Palabra seleccionada,2261.1
2026-09-28T18:03:09,pia,copiar_texto,0.75,True,editar,copiar,True,Copiado,1759.77
2026-09-28T18:03:13,pega,pegar_texto,1.0,True,editar,pegar,True,Pegado,1706.72
2026-09-28T18:03:22,pega,pegar_texto,1.0,True,editar,pegar,True,Pegado,1645.78
2026-09-28T18:04:34,selecciona línea,seleccionar_linea,1.0,True,editar,seleccionar_linea,True,Línea seleccionada,2211.9
2026-09-28T18:04:45,copia,copiar_texto,1.0,True,editar,copiar,True,Copiado,1715.14
2026-09-28T18:04:57,pega,pegar_texto,1.0,True,editar,pegar,True,Pegado,2037.29
2026-09-28T18:05:20,selecciona línea,seleccionar_linea,1.0,True,editar,seleccionar_linea,True,Línea seleccionada,2183.54
2026-09-28T18:05:31,corta,cortar_texto,1.0,True,editar,cortar,True,Cortado,1766.7
2026-09-28T18:05:48,deshacer,deshacer_cambio,1.0,True,navegar,deshacer,True,Navegación ejecutada: deshacer,3103.23
2026-09-28T18:05:58,deshacer,deshacer_cambio,1.0,True,navegar,deshacer,True,Navegación ejecutada: deshacer,3042.12
2026-09-28T18:06:06,rachel,,0.615,False,,,False,,
2026-09-28T18:06:12,razer,,0.667,False,,,False,,
2026-09-28T18:06:22,re a hacer,rehacer_cambio,0.824,True,editar,rehacer,True,Rehecho,1643.31
2026-09-28T18:06:41,inicio de la línea,cursor_inicio_linea,0.909,True,editar,cursor_inicio_linea,True,Inicio de línea,1960.75
2026-09-28T18:06:44,línea,,0.625,False,,,False,,
2026-09-28T18:06:51,final de la línea,cursor_fin_linea,0.85,True,editar,cursor_fin_linea,True,Fin de línea,1743.24
2026-09-28T18:07:03,palabra anterior,cursor_palabra_anterior,1.0,True,editar,cursor_palabra_anterior,True,Palabra anterior,2080.95
2026-09-28T18:07:35,selecciona hasta el inicio,seleccionar_hasta_inicio,1.0,True,editar,seleccionar_hasta_inicio,True,Seleccionado hasta el inicio,2421.65
2026-09-28T18:07:51,selecciona línea,seleccionar_linea,1.0,True,editar,seleccionar_linea,True,Línea seleccionada,2233.62
2026-09-28T18:07:57,negrilla,formato_negrita,0.8,True,editar,negrita,True,Negrita activada,1934.11
2026-09-28T18:08:04,escribe para mi mamá,escribir_texto_dictado,1.0,True,escribir_texto,para mi mama,True,Texto dictado en Word: para mi mama,3263.3
2026-09-28T18:08:09,negrilla,formato_negrita,0.8,True,editar,negrita,True,Negrita desactivada,2097.04
2026-09-28T18:09:17,guarda,guardar_documento,1.0,True,editar,guardar,True,Elige el nombre del documento,9156.19
2026-09-28T18:09:23,casa,,0.545,False,,,False,,
2026-09-28T18:10:18,aló aló se escucha lo que digo se escucha se es se escucha lo que digo si no que,,0.339,False,,,False,,
2026-09-28T18:10:40,abre google,buscar_web,1.0,True,abrir_url,https://www.google.com,True,Abriendo URL: https://www.google.com,6057.9
2026-09-28T18:10:49,busca elaboración de trabajos,buscar_google_query,1.0,True,buscar_google,elaboracion de trabajos,True,Buscando en Google: elaboracion de trabajos,4845.33
2026-09-28T18:10:52,the worth,,0.556,False,,,False,,
2026-09-28T18:11:03,abre word,abrir_word,1.0,True,abrir_app,word,True,Abriendo aplicación: word,2757.08
2026-09-28T18:11:20,escribe casa de treinta,escribir_texto_dictado,1.0,True,escribir_texto,casa de treinta,True,Texto dictado en Word: casa de treinta,3482.17
2026-09-28T18:11:27,deshacer,deshacer_cambio,1.0,True,navegar,deshacer,True,Navegación ejecutada: deshacer,3017.63
2026-09-28T18:11:32,sirve para mi mamá desde la casa,,0.545,False,,,False,,
2026-09-28T18:11:44,amigos,,0.444,False,,,False,,
2026-09-28T18:12:11,david de un pie,,0.519,False,,,False,,
2026-09-28T18:12:20,chef,,0.4,False,,,False,,
2026-09-28T18:14:03,abreu worth,abrir_word,0.8,True,abrir_app,word,True,Abriendo aplicación: word,3492.73
2026-09-28T18:14:10,es que para mi mamá,,0.5,False,,,False,,
2026-09-28T18:14:24,escribe para el idioma,escribir_texto_dictado,1.0,True,escribir_texto,para el idioma,True,Texto dictado en Word: para el idioma,3389.69
2026-09-28T18:14:37,selecciona palabra,seleccionar_palabra_anterior,1.0,True,editar,seleccionar_palabra_anterior,True,Palabra seleccionada,2178.33
2026-09-28T18:14:49,copia,copiar_texto,1.0,True,editar,copiar,True,Copiado,1670.07
2026-09-28T18:15:03,pega,pegar_texto,1.0,True,editar,pegar,True,Pegado,1630.8
2026-09-28T18:15:15,pega,pegar_texto,1.0,True,editar,pegar,True,Pegado,1616.73
2026-09-28T18:15:39,selecciona línea,seleccionar_linea,1.0,True,editar,seleccionar_linea,True,Línea seleccionada,2054.41
2026-09-28T18:15:44,copia,copiar_texto,1.0,True,editar,copiar,True,Copiado,1703.46
2026-09-28T18:15:47,línea,,0.625,False,,,False,,
2026-09-28T18:15:56,fin de la línea,cursor_fin_linea,0.889,True,editar,cursor_fin_linea,True,Fin de línea,1756.86
2026-09-28T18:16:09,pega,pegar_texto,1.0,True,editar,pegar,True,Pegado,1628.41
2026-09-28T18:18:48,are worth,abrir_word,0.778,True,abrir_app,word,True,Abriendo aplicación: word,3230.27
2026-09-28T18:18:54,abre word,abrir_word,1.0,True,abrir_app,word,True,Abriendo aplicación: word,2750.37
2026-09-28T18:25:40,sabemos,,0.6,False,,,False,,
2026-09-28T18:25:47,casi cien juegos de pronto yo creo que bueno sitios,,0.361,False,,,False,,
2026-09-28T18:25:51,agréguese una piedra al pollo,,0.435,False,,,False,,
2026-09-28T18:25:54,cuadritos para asesinarlos,,0.512,False,,,False,,
2026-09-28T18:26:03,un cuadrito una gallina un huevo duro que si se nos acabó,,0.404,False,,,False,,
2026-09-28T18:26:04,si sirve,,0.48,False,,,False,,
2026-09-28T18:26:10,el sistema molestado del medio,,0.56,False,,,False,,
2026-09-28T18:26:12,yo lo lavo,,0.48,False,,,False,,
2026-09-28T18:26:21,allí va el agua estaba limpia entonces quién era que no sé creo que iba prisa toros,,0.321,False,,,False,,
2026-09-28T18:26:24,mi celular en el aire,,0.474,False,,,False,,
2026-09-28T18:26:33,sí,,0.571,False,,,False,,
2026-09-28T18:26:35,estos,,0.571,False,,,False,,
2026-09-28T18:26:40,look,,0.444,False,,,False,,
2026-09-28T18:26:44,y yo con mi tío miguel,,0.4,False,,,False,,
2026-09-28T18:26:47,doce tranquila,,0.476,False,,,False,,
2026-09-28T18:26:50,si yo fuera así,,0.485,False,,,False,,
2026-09-28T18:27:06,estaba tranquilo nacional para que completes jurídica que evaluada entonces si sirven las adicciones dos mil catorce,,0.288,False,,,False,,
2026-09-28T18:27:16,manuela,,0.667,False,,,False,,
2026-09-28T18:27:25,creo que no yo fui me dijo que no,,0.441,False,,,False,,
2026-09-28T18:27:30,el lenguaje no se queda en google,,0.409,False,,,False,,
2026-09-28T18:27:45,wall,,0.364,False,,,False,,
2026-09-28T18:35:36,esa ve,,0.625,False,,,False,,
2026-09-28T18:35:46,cigars,,0.667,False,,,False,,
2026-09-28T18:35:51,no,,0.4,False,,,False,,
2026-09-28T18:35:56,sí,,0.571,False,,,False,,
2026-09-28T18:36:11,hola,,0.444,False,,,False,,
2026-09-28T18:36:32,regalo cuando me,,0.519,False,,,False,,
2026-09-28T18:36:35,sí,,0.571,False,,,False,,
2026-09-28T18:36:38,ellos ya le dije,,0.5,False,,,False,,
2026-09-28T18:37:09,naomi,,0.4,False,,,False,,
2026-09-28T18:37:14,madre,,0.444,False,,,False,,
2026-09-28T18:37:35,muy malo,,0.526,False,,,False,,
2026-09-28T18:38:00,antemano,,0.625,False,,,False,,
2026-09-28T18:39:18,sí,,0.571,False,,,False,,
2026-09-28T18:45:34,sí,,0.571,False,,,False,,
2026-09-28T18:45:38,hola yo creo que lo que te ayudó fue la,,0.433,False,,,False,,
2026-09-28T18:45:44,el annie consideres nunca bautizado,,0.44,False,,,False,,
2026-09-28T18:46:30,windows,,0.364,False,,,False,,
2026-09-28T18:46:41,yo estaba averiguando cómo bélicas de un aparato que está desarmado,,0.395,False,,,False,,
2026-09-28T18:46:46,pareció como su terrible belleza,,0.426,False,,,False,,
2026-09-28T18:46:48,bloqueo vamos allá,,0.686,False,,,False,,
2026-09-28T18:46:50,hazlo más,,0.556,False,,,False,,
2026-09-28T18:47:15,cientos,,0.5,False,,,False,,
2026-09-28T18:47:21,acción,,0.571,False,,,False,,
2026-09-28T18:47:24,ante,,0.667,False,,,False,,
2026-09-28T18:47:34,swartz,,0.429,False,,,False,,
2026-09-28T18:47:39,comandos,,0.667,False,,,False,,
2026-09-28T18:50:58,me alegro ma,,0.545,False,,,False,,
